Phase Summary,Total Story Points,Estimated Duration,Number of Features
Phase 1: MVP Foundation,89,~6 weeks,37
Phase 2: Enhanced Features,55,~3 weeks,18
Phase 3: Polish & Scale,34,~2 weeks,13
TOTAL,178,~11 weeks,68

,,
Category Breakdown,,
Phase 1 Categories,Story Points,Number of Features
Infrastructure & Setup,21,6
Authentication System,13,5
Core UI Components,13,4
Poll Creation,21,6
Voting Engine,13,3
Poll Display & Results,8,3
Real-time Features,13,4
Charts & Visualization,8,3
Sharing Features,5,3
Testing & Quality,8,3
Deployment,5,2
Phase 1 Subtotal,89,37

Phase 2 Categories,Story Points,Number of Features
User Dashboard,13,4
Poll Management,13,4
User Profile,8,3
Export Functionality,13,4
Analytics Dashboard,8,3
Admin Panel,21,5
Phase 2 Subtotal,55,18

Phase 3 Categories,Story Points,Number of Features
Security Enhancements,13,4
Performance Optimization,8,3
UI/UX Refinements,5,2
Testing & Documentation,5,3
Production Deployment,3,2
Phase 3 Subtotal,34,13

,,
Velocity Assumptions,,
Team Size,2-3 developers,
Sprint Duration,2 weeks,
Average Velocity per Developer,20-30 story points per sprint,
Team Velocity,40-60 story points per sprint,

,,
Sprint Breakdown,,
Sprint 1-3,Phase 1 (MVP) - 6 weeks,
Sprint 4-5,Phase 2 (Enhanced Features) - 3 weeks,
Sprint 6,Phase 3 (Polish & Scale) - 2 weeks,
